riprates,genotypeID,anID,sessID,periodID
0,2,8,1,1
0,2,8,1,2
0,2,8,1,3
0,2,8,1,4
0,2,8,1,5
0,2,8,1,6
0,2,8,1,7
0,2,8,1,8
0,2,8,1,9
0,2,8,1,10
0,2,8,1,11
0,2,8,1,12
0,2,8,1,13
0,2,8,1,14
0,2,8,1,15
0,2,8,1,16
0,2,8,1,17
0,2,8,1,18
0,2,8,1,19
0,2,8,1,20
0,2,8,1,21
0,2,8,1,22
0,2,8,1,23
0,2,8,1,24
0,2,8,1,25
0,2,8,1,26
0,2,8,1,27
0,2,8,1,28
0,2,8,1,29
0,2,8,1,30
0,2,8,1,31
0,2,8,1,32
0,2,8,1,33
0,2,8,1,34
0,2,8,1,35
0,2,8,1,36
0,2,8,1,37
0,2,8,1,38
0,2,8,1,39
0,2,8,1,40
0,2,8,1,41
0,2,8,1,42
0,2,8,1,43
0,2,8,1,44
0,2,8,1,45
0,2,8,1,46
0,2,8,1,47
0,2,8,1,48
0,2,8,1,49
0,2,8,1,50
0,2,8,1,51
0,2,8,1,52
0,2,8,1,53
0,2,8,1,54
0,2,8,1,55
0,2,8,1,56
0,2,8,1,57
0,2,8,1,58
0,2,8,1,59
0,2,8,1,60
0,2,8,1,61
0,2,8,1,62
0,2,8,1,63
0,2,8,1,64
0,2,8,1,65
0.072500544,2,8,1,66
0,2,8,1,67
0.139479741,2,8,1,68
0,2,8,1,69
0,2,8,1,70
0,2,8,1,71
0,2,8,1,72
0,2,8,1,73
0,2,8,1,74
0,2,8,1,75
0,2,8,1,76
0,2,8,1,77
0,2,8,1,78
0,2,8,1,79
0,2,8,1,80
0.052382075,2,8,1,81
0.055265412,2,8,1,82
0.121190087,2,8,1,83
0,2,8,1,84
0.121506683,2,8,1,85
0,2,8,1,86
0,2,8,1,87
0,2,8,1,88
0,2,8,1,89
0,2,8,1,90
0,2,8,1,91
0,2,8,1,92
0,2,8,1,93
0,2,8,1,94
0,2,8,1,95
0,2,8,1,96
0,2,8,1,97
0,2,8,1,98
0,2,8,1,99
0,2,8,1,100
0,2,8,1,101
0,2,8,1,102
0,2,8,2,1
0,2,8,2,2
0.249174609,2,8,2,3
0,2,8,2,4
0.553709856,2,8,2,5
0,2,8,2,6
0.443984017,2,8,2,7
0.277507978,2,8,2,8
0.190494333,2,8,2,9
0.23973629,2,8,2,10
0,2,8,2,11
0.11339797,2,8,2,12
0.555555556,2,8,2,13
0.547682618,2,8,2,14
0.288212124,2,8,2,15
0.398366697,2,8,2,16
0.118602858,2,8,2,17
0.479577971,2,8,2,18
0.103471468,2,8,2,19
0.361598264,2,8,2,20
0,2,8,2,21
0.393623302,2,8,2,22
0.149723012,2,8,2,23
0.19778481,2,8,2,24
0.276224018,2,8,2,25
0,2,8,2,26
0.32048714,2,8,2,27
1.609549997,2,8,2,28
0.565024955,2,8,2,29
0,2,8,2,30
0,2,8,2,31
0.192400192,2,8,2,32
0.746706491,2,8,2,33
0.276548673,2,8,2,34
0.194193611,2,8,2,35
0.163518927,2,8,2,36
0,2,8,2,37
0.325860271,2,8,2,38
0.293369842,2,8,2,39
0,2,8,2,40
0.182748538,2,8,2,41
0.779544746,2,8,2,42
0.183891136,2,8,2,43
0.133422282,2,8,2,44
0.474683544,2,8,2,45
0.428969758,2,8,2,46
0.150715901,2,8,2,47
0.737735153,2,8,2,48
0.251889169,2,8,2,49
0.167238063,2,8,2,50
0.118764846,2,8,2,51
0.370576246,2,8,2,52
0.548345823,2,8,2,53
0.830146165,2,8,2,54
0,2,8,2,55
0.704039426,2,8,2,56
0.381570161,2,8,2,57
0.550547106,2,8,2,58
0.288537835,2,8,2,59
0.845583453,2,8,2,60
0.177478037,2,8,2,61
0.413793103,2,8,2,62
0.344431688,2,8,2,63
0.548576444,2,8,2,64
0.248586166,2,8,2,65
0.948357617,2,8,2,66
0.116795141,2,8,2,67
1.132609722,2,8,2,68
0.548245614,2,8,2,69
0.759229382,2,8,2,70
0.815760493,2,8,2,71
0.143523502,2,8,2,72
0.114135707,2,8,2,73
0,2,8,2,74
0,2,8,2,75
0,2,8,2,76
0,2,8,2,77
0,2,8,2,78
0.105468544,2,8,2,79
0.504413619,2,8,2,80
0.524796641,2,8,2,81
0.429645542,2,8,2,82
0.41684035,2,8,2,83
0,2,8,2,84
0.119182409,2,8,2,85
0.144864552,2,8,2,86
0,2,8,2,87
0.164527805,2,8,2,88
0,2,8,2,89
0.294088815,2,8,2,90
0.288461538,2,8,2,91
0.121936349,2,8,2,92
0.409332788,2,8,2,93
0.834933623,2,8,2,94
0.46385775,2,8,2,95
0.316906988,2,8,2,96
0.198157139,2,8,2,97
0.355973231,2,8,2,98
0,2,8,2,99
0.450389587,2,8,2,100
0.099509914,2,8,2,101
0.394295853,2,8,2,102
0.460890176,2,8,2,103
0.387897595,2,8,2,104
0.145201104,2,8,2,105
0.10628122,2,8,2,106
0.061923339,2,8,2,107
0.159489633,2,8,2,108
0.193367495,2,8,2,109
0.625499531,2,8,2,110
0.140488901,2,8,2,111
0.498960499,2,8,2,112
0,2,8,2,113
0,2,8,2,114
0,2,8,2,115
0,2,8,3,1
0,2,8,3,2
0,2,8,3,3
0,2,8,3,4
0,2,8,3,5
0,2,8,3,6
0,2,8,3,7
0.861432439,2,8,3,8
0.102648327,2,8,3,9
0.150308132,2,8,3,10
0,2,8,3,11
0,2,8,3,12
0,2,8,3,13
0.161720708,2,8,3,14
0,2,8,3,15
0,2,8,3,16
0,2,8,3,17
0,2,8,3,18
0,2,8,3,19
0.620973376,2,8,3,20
0,2,8,3,21
0,2,8,3,22
0,2,8,3,23
0,2,8,3,24
0,2,8,3,25
0,2,8,3,26
0,2,8,3,27
0.145677034,2,8,3,28
0,2,8,3,29
0,2,8,3,30
0.148104265,2,8,3,31
0.172920629,2,8,3,32
0,2,8,3,33
0,2,8,3,34
0.073120796,2,8,3,35
0,2,8,3,36
0.140548138,2,8,3,37
0.532481363,2,8,3,38
0,2,8,3,39
0.336162703,2,8,3,40
0.088766588,2,8,3,41
0.189843379,2,8,3,42
0,2,8,3,43
0,2,8,3,44
0,2,8,3,45
0,2,8,3,46
0.301477238,2,8,3,47
0,2,8,3,48
0,2,8,3,49
0.305250305,2,8,3,50
0,2,8,3,51
0,2,8,3,52
0.29653792,2,8,3,53
0,2,8,3,54
0,2,8,3,55
0,2,8,3,56
0.080628905,2,8,3,57
0,2,8,3,58
0.289718611,2,8,3,59
0.305133877,2,8,3,60
0.105086171,2,8,3,61
0,2,8,3,62
0.322997416,2,8,3,63
0.220807419,2,8,3,64
0,2,8,3,65
0.20918861,2,8,3,66
0,2,8,3,67
0.192178342,2,8,3,68
0.165672631,2,8,3,69
0.085973434,2,8,3,70
0,2,8,3,71
0,2,8,3,72
0.241516725,2,8,3,73
0.113843352,2,8,3,74
0.082884376,2,8,3,75
0.161603103,2,8,3,76
0.150421179,2,8,3,77
0.157691398,2,8,3,78
0,2,8,3,79
0.071955388,2,8,3,80
0.154726907,2,8,3,81
0,2,8,3,82
0,2,8,3,83
0,2,8,3,84
0.592124741,2,8,3,85
0,2,8,3,86
0,2,8,3,87
0.694082943,2,8,3,88
0.451187186,2,8,3,89
0,2,8,3,90
0,2,8,3,91
0.120098481,2,8,3,92
0.753626829,2,8,3,93
0.304971028,2,8,3,94
0.305250305,2,8,3,95
0,2,8,3,96
0.272944388,2,8,3,97
0,2,8,3,98
0,2,8,3,99
0,2,8,3,100
0.674280416,2,8,3,101
0.158919348,2,8,3,102
0.50115893,2,8,3,103
0.161550889,2,8,3,104
0.164487211,2,8,3,105
0,2,8,3,106
0,2,8,3,107
0.359087917,2,8,3,108
0,2,9,4,1
0.331482556,2,9,4,2
0.25165674,2,9,4,3
0,2,9,4,4
0.056814954,2,9,4,5
0.118550132,2,9,4,6
0,2,9,4,7
0,2,9,4,8
0,2,9,4,9
0.645045691,2,9,4,10
0.105909765,2,9,4,11
0.29755263,2,9,4,12
0.765513612,2,9,4,13
0.26094331,2,9,4,14
0.37242792,2,9,4,15
0.394285888,2,9,4,16
0.828672053,2,9,4,17
0.258031222,2,9,4,18
0.658978583,2,9,4,19
0,2,9,5,1
0,2,9,5,2
0,2,9,5,3
0,2,9,5,4
0,2,9,5,5
0,2,9,5,6
0,2,9,5,7
0,2,9,5,8
0,2,9,5,9
0,2,9,5,10
0,2,9,5,11
0,2,9,5,12
0,2,9,5,13
0,2,9,5,14
0.00503194,2,9,5,15
0,2,9,5,16
0,2,9,5,17
0.00136405,2,9,5,18
0,2,9,5,19
0,2,9,5,20
0.000988706,2,9,5,21
0,2,9,5,22
0,2,9,5,23
0,2,9,5,24
0,2,9,5,25
0.001911474,2,9,5,26
0,2,9,5,27
0.00126403,2,9,5,28
0,2,9,5,29
0,2,9,5,30
0.008497512,2,9,5,31
0,2,9,5,32
0,2,9,5,33
0,2,9,5,34
0,2,9,5,35
0,2,9,5,36
0,2,9,5,37
0,2,9,5,38
0,2,9,5,39
0,2,9,5,40
0,2,9,5,41
0,2,9,5,42
0,2,9,5,43
0,2,9,5,44
0,2,9,5,45
0,2,9,5,46
0,2,9,5,47
0,2,9,5,48
0,2,9,5,49
0,2,9,5,50
0,2,9,6,1
0,2,9,6,2
0,2,9,6,3
0.00693733,2,9,6,4
0,2,9,6,5
0.004552801,2,9,6,6
0,2,9,6,7
0,2,9,6,8
0,2,9,6,9
0.029044438,2,9,6,10
0,2,9,6,11
0,2,9,6,12
0,2,9,6,13
0,2,9,6,14
0,2,9,6,15
0,2,9,6,16
0,2,9,6,17
0,2,9,6,18
0,2,9,6,19
0,2,9,6,20
0,2,9,6,21
0,2,9,6,22
0,2,9,6,23
0,2,9,6,24
0,2,9,6,25
0,2,9,6,26
0,2,9,6,27
0.031938168,2,9,6,28
0,2,9,6,29
0,2,9,6,30
0,2,9,6,31
0,2,9,6,32
0,2,9,6,33
0,2,9,6,34
0.008845565,2,9,6,35
0,2,9,6,36
0,2,9,6,37
0,2,9,6,38
0.032484935,2,9,6,39
0,2,9,6,40
0,2,9,6,41
0,2,9,6,42
0,2,9,6,43
0,2,9,6,44
0,2,9,6,45
0,2,9,6,46
0,2,9,6,47
0,2,9,6,48
0.012190142,2,9,6,49
0,2,9,6,50
0.03486568,2,9,6,51
0,2,9,6,52
0,2,9,6,53
0,2,9,6,54
0,2,9,6,55
0,2,9,6,56
0,2,9,6,57
0,2,9,6,58
0,2,9,6,59
0,2,9,6,60
0,2,9,6,61
0,2,9,6,62
0,2,9,6,63
0,2,9,6,64
0,2,9,6,65
0,2,9,6,66
0,2,9,6,67
0,2,9,6,68
0,2,9,6,69
0.027787812,2,9,6,70
0,2,9,6,71
0,2,9,6,72
0,2,9,6,73
0,2,9,6,74
0,2,9,6,75
0,2,9,6,76
0,2,9,6,77
0,2,9,6,78
0,2,9,6,79
0,2,9,6,80
0,2,9,6,81
0,2,9,6,82
0,2,9,6,83
0,2,9,6,84
0,2,9,6,85
0,2,9,6,86
0.023567397,2,9,6,87
0,2,9,6,88
0,2,9,6,89
0,2,9,6,90
0,2,9,6,91
0,2,9,6,92
0,2,9,6,93
0.033070606,2,9,6,94
0,2,9,6,95
0,2,9,6,96
0,2,9,6,97
0,2,9,6,98
0,2,9,6,99
0,2,9,6,100
0,2,9,6,101
0,2,9,6,102
0,2,9,6,103
0,2,9,6,104
0,2,9,6,105
0,2,9,6,106
0,2,9,6,107
0.006667422,2,9,6,108
0,2,9,6,109
0.009338071,2,9,6,110
0,2,9,6,111
0,2,9,6,112
0,2,9,6,113
0,2,9,6,114
0,2,9,6,115
0,2,9,6,116
0,2,9,6,117
0,2,9,6,118
0,2,9,6,119
0,2,9,6,120
0,2,9,6,121
0,2,9,6,122
0,2,9,6,123
0,2,9,6,124
0,2,9,6,125
0.032028698,2,9,6,126
0,2,9,6,127
0,2,9,6,128
0,2,9,6,129
0,2,9,6,130
0,2,9,6,131
0,2,9,6,132
0,2,9,6,133
0,2,9,6,134
0,2,9,6,135
0,2,9,6,136
0,2,9,6,137
0,2,9,6,138
0,2,9,6,139
0,2,9,6,140
0,2,9,6,141
0,2,9,6,142
0,2,9,6,143
0,2,9,6,144
0,2,9,6,145
0,2,9,6,146
0,2,9,6,147
0,2,9,6,148
0,2,9,6,149
0,2,9,6,150
0,2,9,6,151
0,2,9,6,152
0.042644833,2,9,6,153
0,2,9,6,154
0,2,9,6,155
0,2,9,6,156
0,2,9,6,157
0,2,9,6,158
0,2,9,6,159
0,2,9,6,160
0,2,9,6,161
0,2,9,6,162
0,2,9,6,163
0,2,9,6,164
0,2,9,6,165
0,2,9,6,166
0,2,9,6,167
0,2,9,6,168
0,2,9,6,169
0,2,9,6,170
0,2,9,6,171
0,2,9,6,172
0,2,9,6,173
0,2,9,6,174
0,2,9,6,175
0,2,9,6,176
0,2,9,6,177
0,2,9,6,178
0,2,9,6,179
0.043577732,2,9,6,180
0.030936765,2,9,6,181
0.046311305,2,9,6,182
0,2,9,6,183
0,2,9,6,184
0,2,9,6,185
0,2,9,6,186
0,2,9,6,187
0,2,9,6,188
0,2,9,6,189
0,2,9,6,190
0,2,9,6,191
0,2,9,6,192
0,2,9,6,193
0,2,9,6,194
0,2,9,6,195
0,2,9,6,196
0,2,9,6,197
0,2,9,6,198
0,2,9,6,199
0,2,9,6,200
0,2,9,6,201
0,2,9,6,202
0,2,9,6,203
0,2,9,6,204
0,2,9,6,205
0,2,9,6,206
0,2,9,6,207
0,2,9,6,208
0,2,9,6,209
0,2,9,6,210
0,2,9,6,211
0,2,9,6,212
0,2,9,6,213
0,2,9,6,214
0,2,9,7,1
0,2,9,7,2
0,2,9,7,3
0,2,9,7,4
0,2,9,7,5
0,2,9,7,6
0,2,9,7,7
0,2,9,7,8
0,2,9,7,9
0,2,9,7,10
0,2,9,7,11
0,2,9,7,12
0,2,9,7,13
0,2,9,7,14
0,2,9,7,15
0,2,9,7,16
0,2,9,7,17
0,2,9,7,18
0,2,9,7,19
0,2,9,7,20
0,2,9,7,21
0,2,9,7,22
0,2,9,7,23
0,2,9,7,24
0,2,9,7,25
0,2,9,7,26
0,2,9,7,27
0,2,9,7,28
0,2,9,7,29
0,2,9,7,30
0,2,9,7,31
0,2,9,7,32
0,2,9,7,33
0,2,9,7,34
0,2,9,7,35
0,2,9,7,36
0,2,9,7,37
0,2,9,7,38
0,2,9,7,39
0,2,9,7,40
0,2,9,7,41
0,2,9,7,42
0,2,9,7,43
0,2,9,7,44
0,2,9,7,45
0,2,9,7,46
0,2,9,7,47
0,2,9,7,48
0,2,9,7,49
0,2,9,7,50
0,2,9,7,51
0,2,9,7,52
0,2,9,7,53
0,2,9,7,54
0,2,9,7,55
0,2,9,7,56
0,2,9,7,57
0,2,9,7,58
0,2,9,7,59
0,2,9,7,60
0,2,9,7,61
0,2,9,7,62
0,2,9,7,63
0,2,9,7,64
0,2,9,7,65
0,2,9,7,66
0,2,9,7,67
0,2,9,7,68
0,2,9,7,69
0,2,9,7,70
0,2,9,7,71
0,2,9,7,72
0,2,9,7,73
0,2,9,7,74
0,2,9,7,75
0,2,9,7,76
0,2,9,7,77
0,2,9,7,78
0,2,9,7,79
0,2,9,7,80
0,2,9,7,81
0,2,9,7,82
0,2,9,7,83
0,2,9,7,84
0,2,9,7,85
0,2,9,7,86
0,2,9,7,87
0,2,9,7,88
0,2,9,7,89
0,2,9,7,90
0,2,9,7,91
0,2,9,7,92
0,2,9,7,93
0,2,9,7,94
0,2,9,7,95
0,2,9,7,96
0,2,9,7,97
0,2,9,7,98
0,2,9,7,99
0,2,9,7,100
0,2,9,7,101
0,2,9,7,102
0,2,9,7,103
0,2,9,7,104
0,2,9,7,105
0,2,9,7,106
0,2,9,7,107
0,2,9,7,108
0,2,9,7,109
0,2,9,7,110
0,2,9,7,111
0,2,9,7,112
0.156176792,2,9,7,113
0,2,9,7,114
0,2,9,7,115
0,2,9,7,116
0,2,9,7,117
0,2,9,7,118
0,2,9,7,119
0,2,9,7,120
0,2,9,7,121
0,2,9,7,122
0,2,9,7,123
0,2,12,8,1
0,2,12,8,2
0.229016375,2,12,8,3
0.168506193,2,12,8,4
0.195828846,2,12,8,5
0,2,12,8,6
0.809622947,2,12,8,7
1.139972315,2,12,8,8
0.149409831,2,12,8,9
0.498433495,2,12,8,10
0.241007411,2,12,8,11
0,2,12,8,12
0.388613621,2,12,8,13
0.270215497,2,12,8,14
0.781137583,2,12,8,15
0.124731049,2,12,8,16
0,2,12,8,17
0.212098074,2,12,8,18
0.262501641,2,12,8,19
0.479501319,2,12,8,20
0,2,12,8,21
0.193180721,2,12,8,22
0.15383432,2,12,8,23
0.548195523,2,12,8,24
0.127542886,2,12,8,25
0.463349087,2,12,8,26
0,2,12,8,27
0,2,12,8,28
0.499562882,2,12,8,29
0.728298967,2,12,8,30
0.222049517,2,12,8,31
0.246791708,2,12,8,32
0,2,12,8,33
0.213299205,2,12,8,34
0.155666252,2,12,8,35
0.254749254,2,12,9,1
0.233665333,2,12,9,2
0,2,12,9,3
0.328866234,2,12,9,4
0,2,12,9,5
0,2,12,9,6
0,2,12,9,7
0,2,12,9,8
0,2,12,9,9
0.331290376,2,12,9,10
0.243205448,2,12,9,11
0.569044006,2,12,9,12
0.304669053,2,12,9,13
0,2,12,9,14
0,2,12,9,15
0,2,12,9,16
0,2,12,9,17
0.159821,2,12,9,18
0.169233373,2,12,9,19
0,2,12,9,20
0,2,12,9,21
0,2,12,9,22
0.346050696,2,12,9,23
0.212935853,2,12,9,24
0.117848094,2,12,9,25
0.155823919,2,12,9,26
0,2,12,9,27
0.313234143,2,12,9,28
0,2,12,9,29
0,2,12,9,30
0.146295077,2,12,9,31
0,2,12,9,32
0.393062448,2,12,9,33
0,2,12,9,34
0.174034111,2,12,9,35
0,2,12,10,1
0,2,12,10,2
0.136286201,2,12,10,3
0,2,12,10,4
0,2,12,10,5
0.095203641,2,12,10,6
0,2,12,10,7
0,2,12,10,8
0,2,12,10,9
0,2,12,10,10
0,2,12,10,11
0,2,12,10,12
0,2,12,10,13
0,2,12,10,14
0,2,12,10,15
0.125031258,2,12,10,16
0,2,12,10,17
0,2,12,10,18
0,2,12,10,19
0,2,12,10,20
0.376116596,2,12,10,21
0,2,12,10,22
0,2,12,10,23
0.232301527,2,12,10,24
0,2,12,10,25
0,2,12,10,26
0,2,12,10,27
0,2,12,10,28
0,2,12,10,29
0,2,12,10,30
0,2,12,10,31
0,2,12,10,32
0,2,12,10,33
0.178667143,2,12,10,34
0,2,12,10,35
0.217084554,2,12,10,36
0,2,12,10,37
0,2,12,10,38
0,2,12,10,39
0,2,12,10,40
0,2,12,10,41
0.115955473,2,12,10,42
0,2,12,11,1
0,2,12,11,2
0,2,12,11,3
0,2,12,11,4
0,2,12,11,5
0,2,12,11,6
0,2,12,11,7
0.134212425,2,12,11,8
0,2,12,11,9
0.063105418,2,12,11,10
0.130327121,2,12,11,11
0,2,12,11,12
0,2,12,11,13
0,2,12,11,14
0,2,12,11,15
0,2,12,11,16
0.106957591,2,12,11,17
0.084212299,2,12,11,18
0.084044207,2,12,11,19
0.035242912,2,12,11,20
0.240035787,2,12,11,21
0.233476662,2,12,11,22
0.061145251,2,12,11,23
0.144957736,2,12,11,24
0.173462687,2,12,11,25
0.152160682,2,12,11,26
0.245832553,2,12,11,27
0.032669596,2,12,11,28
0.410891793,2,12,11,29
0.308784931,2,12,11,30
0.239402799,2,12,11,31
0,2,12,11,32
0.218826361,2,12,11,33
0.656850402,2,12,11,34
0.280764803,2,12,11,35
0.168477803,2,12,11,36
0,2,12,11,37
0.045198251,2,12,11,38
0,2,12,11,39
0.070929532,2,12,11,40
0,2,12,11,41
0,2,12,11,42
0,2,12,11,43
0.122316678,2,12,11,44
0,2,14,12,1
0,2,14,12,2
0,2,14,12,3
0,2,14,12,4
0,2,14,12,5
0,2,14,12,6
0,2,14,12,7
0,2,14,12,8
0,2,14,12,9
0,2,14,12,10
0,2,14,12,11
0,2,14,12,12
0,2,14,12,13
0,2,14,12,14
0,2,14,12,15
0,2,14,12,16
0,2,14,12,17
0,2,14,12,18
0,2,14,12,19
0,2,14,12,20
0,2,14,12,21
0,2,14,12,22
0,2,14,12,23
0,2,14,12,24
0,2,14,12,25
0,2,14,12,26
0,2,14,12,27
0,2,14,12,28
0,2,14,12,29
0,2,14,12,30
0,2,14,12,31
0,2,14,12,32
0,2,14,12,33
0,2,14,12,34
0,2,14,12,35
0,2,14,12,36
0,2,14,12,37
0.07828095,2,14,12,38
0,2,14,12,39
0,2,14,12,40
0.085120872,2,14,12,41
0,2,14,12,42
0,2,14,12,43
0.098877738,2,14,12,44
0.199820162,2,14,12,45
0.353502622,2,14,12,46
0.036924895,2,14,12,47
0,2,14,12,48
0,2,14,12,49
0,2,14,12,50
0,2,14,12,51
0,2,14,12,52
0,2,14,12,53
0,2,14,12,54
0,2,14,12,55
0,2,14,12,56
0,2,14,12,57
0.07056416,2,14,12,58
0.075106087,2,14,12,59
0.312516277,2,14,12,60
0.066678521,2,14,12,61
0.469759248,2,14,12,62
0.129935519,2,14,12,63
0.053610679,2,14,12,64
0.065131729,2,14,12,65
0,2,14,12,66
0,2,14,12,67
0,2,14,12,68
0,2,14,12,69
0,2,14,12,70
0,2,14,12,71
0,2,14,12,72
0,2,14,12,73
0,2,14,12,74
0,2,14,12,75
0,2,14,12,76
0,2,14,12,77
0.058858152,2,14,12,78
0,2,14,12,79
0,2,14,12,80
0,2,14,12,81
0,2,14,12,82
0,2,14,12,83
0,2,14,12,84
0,2,14,12,85
0,2,14,12,86
0,2,14,12,87
0,2,14,12,88
0,2,14,12,89
0,2,14,12,90
0.11594539,2,14,12,91
0.05673437,2,14,12,92
0.349535773,2,14,12,93
0.114840229,2,14,12,94
0,2,14,12,95
0,2,14,12,96
0.113979598,2,14,12,97
0.181917409,2,14,12,98
0.172097292,2,14,12,99
0.168897521,2,14,12,100
0.200124077,2,14,12,101
0,2,14,12,102
0,2,14,12,103
0,2,14,12,104
0.154906669,2,14,12,105
0,2,14,12,106
0,2,14,12,107
0,2,14,12,108
0,2,14,12,109
0,2,14,12,110
0.105299181,2,14,12,111
0,2,14,12,112
0,2,14,12,113
0,2,14,12,114
0,2,14,12,115
0.079640027,2,14,12,116
0,2,14,12,117
0.163025758,2,14,12,118
0,2,14,12,119
0,2,14,12,120
0,2,14,12,121
0,2,14,12,122
0,2,14,12,123
0,2,14,12,124
0.024324982,2,14,12,125
0,2,14,12,126
0.087515862,2,14,12,127
0,2,14,12,128
0,2,14,12,129
0.191296031,2,14,12,130
0,2,14,12,131
0,2,14,12,132
0,2,14,12,133
0,2,14,12,134
0,2,14,12,135
0,2,14,12,136
0,2,14,12,137
0,2,14,12,138
0,2,14,12,139
0,2,14,12,140
0,2,14,12,141
0,2,14,12,142
0,2,14,12,143
0,2,14,12,144
0,2,14,13,1
0,2,14,13,2
0,2,14,13,3
0,2,14,13,4
0.10244852,2,14,13,5
0.105618927,2,14,13,6
0.049377839,2,14,13,7
0,2,14,13,8
0,2,14,13,9
0.074518425,2,14,13,10
0.342729843,2,14,13,11
0.151883354,2,14,13,12
0.419342157,2,14,13,13
0,2,14,13,14
0.069280865,2,14,13,15
0,2,14,13,16
0,2,14,13,17
0,2,14,13,18
0,2,14,13,19
0,2,14,13,20
0,2,14,13,21
0,2,14,13,22
0,2,14,13,23
0.350109409,2,14,13,24
0.237332384,2,14,13,25
0.349131535,2,14,13,26
0.333722676,2,14,13,27
0.133324445,2,14,13,28
0.225294996,2,14,13,29
0,2,14,13,30
0,2,14,13,31
0,2,14,13,32
0,2,14,13,33
0,2,14,13,34
0.138667406,2,14,13,35
0.31201248,2,14,13,36
0.426955099,2,14,13,37
0,2,14,13,38
0,2,14,13,39
0,2,14,13,40
0,2,14,13,41
0,2,14,13,42
0,2,14,13,43
0,2,14,13,44
0,2,14,13,45
0,2,14,13,46
0,2,14,13,47
0,2,14,13,48
0,2,14,13,49
0,2,14,13,50
0,2,14,13,51
0,2,14,13,52
0,2,14,13,53
0,2,14,13,54
0,2,14,13,55
0,2,14,13,56
0,2,14,13,57
0.185666543,2,14,13,58
0,2,14,13,59
0.119303269,2,14,13,60
0,2,14,13,61
0,2,14,13,62
0,2,14,13,63
0,2,14,13,64
0,2,14,13,65
0,2,14,13,66
0,2,14,13,67
0,2,14,13,68
0,2,14,13,69
0,2,14,13,70
0,2,14,13,71
0,2,14,13,72
0,2,14,13,73
0,2,14,13,74
0,2,14,13,75
0,2,14,13,76
0.255395224,2,14,13,77
0.289708119,2,14,13,78
0.627943485,2,14,13,79
0,2,14,13,80
0,2,14,13,81
0,2,14,13,82
0,2,14,13,83
0,2,14,13,84
0,2,14,13,85
0,2,14,13,86
0,2,14,13,87
0.169952413,2,14,13,88
0,2,14,13,89
0,2,14,13,90
0,2,14,13,91
0,2,14,13,92
0,2,14,13,93
0,2,14,13,94
0.097489642,2,14,13,95
0,2,14,13,96
0.183694088,2,14,13,97
0,2,14,13,98
0.231946807,2,14,13,99
0.167189133,2,14,13,100
0,2,14,13,101
0,2,14,13,102
0,2,14,13,103
0,2,14,13,104
0.190391572,2,14,13,105
0,2,14,13,106
0.182099608,2,14,13,107
0,2,14,13,108
0,2,14,13,109
0,2,14,13,110
0,2,14,13,111
0,2,14,13,112
0,2,14,13,113
0,2,14,13,114
0,2,14,13,115
0,2,14,13,116
0,2,14,13,117
0,2,14,13,118
0,2,14,13,119
0,2,14,13,120
0,2,14,13,121
0,2,14,13,122
0,2,14,13,123
0,2,14,13,124
0,2,14,13,125
0,2,14,13,126
0,2,14,13,127
0,2,14,13,128
0,2,14,13,129
0,2,14,13,130
0,2,14,13,131
0,2,14,13,132
0,2,14,13,133
0,2,14,13,134
0,2,14,13,135
0,2,14,13,136
0,2,14,13,137
0,2,14,13,138
0,2,14,13,139
0,2,14,13,140
0,2,14,13,141
0,2,14,13,142
0,2,14,13,143
0,2,14,13,144
0,2,14,13,145
0,2,14,13,146
0,2,14,13,147
0,2,14,13,148
0,2,14,13,149
0,2,14,13,150
0,2,14,13,151
0,2,14,13,152
0,2,14,13,153
0,2,14,13,154
0,2,14,13,155
0,2,14,13,156
0,2,14,13,157
0,2,14,13,158
0,2,14,13,159
0,2,14,13,160
0,2,14,13,161
0,2,14,13,162
0,2,14,13,163
0,2,14,13,164
0,2,14,13,165
0,2,14,13,166
0,2,14,13,167
0,2,14,13,168
0,2,14,13,169
0,2,14,13,170
0.110582771,2,14,14,1
0,2,14,14,2
0,2,14,14,3
0.051801393,2,14,14,4
0,2,14,14,5
0,2,14,14,6
0.178994943,2,14,14,7
0,1,1,15,1
0,1,1,15,2
0,1,1,15,3
0,1,1,15,4
0,1,1,15,5
0,1,1,15,6
0,1,1,15,7
0,1,1,15,8
0,1,1,15,9
0,1,1,15,10
0,1,1,15,11
0,1,1,15,12
0,1,1,15,13
0,1,1,15,14
0,1,1,15,15
0,1,1,15,16
0,1,1,15,17
0,1,1,15,18
0,1,1,15,19
0,1,1,15,20
0,1,1,15,21
0,1,1,15,22
0,1,1,15,23
0,1,1,15,24
0,1,1,15,25
0,1,1,15,26
0,1,1,15,27
0,1,1,15,28
0,1,1,15,29
0,1,1,15,30
0,1,1,15,31
0,1,1,15,32
0,1,1,15,33
0,1,1,15,34
0,1,1,15,35
0,1,1,15,36
0,1,1,15,37
0,1,1,15,38
0,1,1,15,39
0,1,1,15,40
0,1,1,15,41
0,1,1,15,42
0,1,1,15,43
0,1,1,15,44
0,1,1,15,45
0,1,1,15,46
0,1,1,15,47
0,1,1,15,48
0,1,1,15,49
0,1,1,15,50
0,1,1,15,51
0,1,1,15,52
0,1,1,15,53
0,1,1,15,54
0,1,1,15,55
0,1,1,15,56
0,1,1,15,57
0,1,1,15,58
0,1,1,15,59
0,1,1,15,60
0,1,1,15,61
0,1,1,15,62
0,1,1,15,63
0,1,1,15,64
0,1,1,15,65
0,1,1,15,66
0,1,1,15,67
0,1,1,15,68
0,1,1,16,1
0,1,1,16,2
0,1,1,16,3
0,1,1,16,4
0,1,1,16,5
0,1,1,16,6
0,1,1,16,7
0.012239003,1,1,16,8
0,1,1,16,9
0,1,1,16,10
0,1,1,16,11
0,1,1,16,12
0,1,1,16,13
0,1,1,16,14
0,1,1,16,15
0,1,1,16,16
0,1,1,16,17
0,1,1,16,18
0,1,1,16,19
0,1,1,16,20
0,1,1,16,21
0,1,1,16,22
0,1,1,16,23
0,1,1,16,24
0,1,1,16,25
0,1,1,16,26
0,1,1,16,27
0,1,1,16,28
0,1,1,16,29
0,1,1,16,30
0,1,1,16,31
0,1,1,16,32
0,1,1,16,33
0,1,1,16,34
0,1,1,16,35
0,1,1,16,36
0,1,1,16,37
0,1,1,16,38
0,1,1,16,39
0,1,1,16,40
0,1,1,16,41
0,1,1,16,42
0,1,1,16,43
0,1,1,16,44
0,1,1,16,45
0,1,1,16,46
0,1,1,16,47
0,1,1,16,48
0,1,1,16,49
0,1,1,16,50
0,1,1,16,51
0,1,1,16,52
0,1,1,16,53
0,1,1,16,54
0,1,1,16,55
0,1,1,16,56
0,1,1,16,57
0,1,1,16,58
0,1,1,16,59
0,1,1,16,60
0,1,1,16,61
0,1,1,16,62
0,1,1,16,63
0,1,1,16,64
0,1,1,16,65
0,1,1,16,66
0,1,1,16,67
0,1,1,16,68
0,1,1,16,69
0,1,1,16,70
0,1,1,16,71
0.099265436,1,1,16,72
0,1,1,16,73
0,1,1,16,74
0,1,1,16,75
0,1,1,16,76
0,1,1,16,77
0,1,1,16,78
0,1,1,16,79
0,1,1,16,80
0,1,1,16,81
0,1,1,16,82
0,1,1,16,83
0,1,1,16,84
0,1,1,16,85
0,1,1,16,86
0,1,1,16,87
0,1,1,16,88
0,1,1,16,89
0,1,1,16,90
0,1,1,16,91
0,1,1,16,92
0,1,1,16,93
0,1,1,16,94
0,1,1,16,95
0,1,1,16,96
0,1,1,16,97
0,1,1,16,98
0,1,1,16,99
0,1,1,16,100
0,1,1,16,101
0,1,1,16,102
0,1,1,16,103
0,1,1,16,104
0,1,1,16,105
0,1,1,16,106
0,1,1,16,107
0,1,1,16,108
0,1,1,16,109
0,1,1,16,110
0,1,1,16,111
0,1,1,16,112
0,1,1,16,113
0,1,1,16,114
0,1,1,16,115
0,1,1,16,116
0,1,1,16,117
0.09014694,1,1,16,118
0,1,1,16,119
0,1,1,16,120
0,1,1,16,121
0,1,1,16,122
0,1,1,16,123
0,1,1,16,124
0,1,1,16,125
0,1,1,16,126
0,1,1,16,127
0,1,1,16,128
0,1,1,16,129
0,1,1,16,130
0,1,1,16,131
0,1,1,16,132
0,1,1,16,133
0,1,1,16,134
0,1,1,16,135
0,1,1,16,136
0,1,1,16,137
0,1,1,16,138
0,1,1,16,139
0,1,1,16,140
0,1,1,16,141
0,1,1,16,142
0,1,1,16,143
0,1,1,16,144
0,1,1,16,145
0,1,1,16,146
0,1,1,16,147
0,1,1,16,148
0,1,1,16,149
0,1,1,16,150
0,1,1,16,151
0,1,1,16,152
0,1,1,16,153
0,1,1,16,154
0,1,1,16,155
0,1,1,16,156
0,1,1,16,157
0,1,1,16,158
0,1,1,16,159
0,1,1,16,160
0,1,1,16,161
0,1,1,16,162
0,1,1,16,163
0,1,1,16,164
0,1,1,16,165
0,1,1,16,166
0,1,1,16,167
0,1,1,16,168
0,1,1,16,169
0,1,1,16,170
0,1,1,16,171
0,1,1,16,172
0,1,1,16,173
0,1,1,16,174
0,1,1,16,175
0,1,1,16,176
0,1,1,16,177
0,1,1,16,178
0,1,1,16,179
0,1,1,16,180
0,1,1,16,181
0,1,1,16,182
0,1,1,16,183
0,1,1,16,184
0,1,1,16,185
0,1,1,16,186
0,1,1,16,187
0,1,1,16,188
0,1,1,16,189
0,1,1,16,190
0,1,1,16,191
0,1,1,16,192
0,1,1,16,193
0,1,1,16,194
0,1,1,16,195
0,1,1,16,196
0,1,1,16,197
0,1,1,16,198
0,1,1,16,199
0,1,1,16,200
0,1,1,16,201
0,1,1,16,202
0,1,1,16,203
0,1,1,16,204
0,1,1,16,205
0,1,1,16,206
0,1,1,16,207
0,1,1,16,208
0,1,1,16,209
0,1,1,16,210
0,1,1,16,211
0,1,1,16,212
0,1,1,16,213
0,1,1,16,214
0,1,1,16,215
0,1,1,16,216
0,1,1,16,217
0,1,1,16,218
0,1,1,16,219
0,1,1,16,220
0,1,1,16,221
0,1,1,16,222
0,1,1,16,223
0,1,1,16,224
0,1,1,16,225
0,1,1,16,226
0,1,1,16,227
0,1,1,16,228
0,1,1,16,229
0,1,1,16,230
0,1,1,16,231
0,1,1,16,232
0,1,1,16,233
0,1,1,16,234
0,1,1,16,235
0,1,1,16,236
0,1,1,16,237
0,1,1,16,238
0,1,1,16,239
0,1,1,16,240
0,1,1,16,241
0,1,1,16,242
0,1,1,16,243
0,1,1,16,244
0,1,1,16,245
0,1,1,16,246
0,1,1,16,247
0,1,1,16,248
0,1,1,16,249
0,1,1,16,250
0,1,1,16,251
0,1,1,16,252
0,1,1,16,253
0,1,1,16,254
0,1,1,16,255
0,1,1,16,256
0,1,1,16,257
0,1,1,16,258
0,1,1,16,259
0,1,1,16,260
0,1,1,16,261
0,1,1,16,262
0,1,1,16,263
0,1,1,16,264
0,1,1,16,265
0,1,1,16,266
0,1,1,16,267
0,1,1,16,268
0,1,1,16,269
0,1,1,16,270
0,1,1,16,271
0,1,1,16,272
0,1,1,16,273
0,1,1,16,274
0,1,1,18,1
0,1,1,18,2
0,1,1,18,3
0,1,1,18,4
0,1,1,18,5
0.163425396,1,1,18,6
0,1,1,18,7
0,1,1,18,8
0,1,1,18,9
0,1,1,18,10
0.075241714,1,1,18,11
0,1,1,18,12
0,1,1,18,13
0,1,1,18,14
0,1,1,18,15
0,1,1,18,16
0,1,1,18,17
0,1,1,18,18
0,1,1,18,19
0.140894681,1,1,18,20
0,1,1,18,21
0,1,1,18,22
0,1,1,18,23
0,1,1,18,24
0,1,1,18,25
0,1,1,18,26
0,1,1,18,27
0,1,1,18,28
0.208463623,1,1,18,29
0,1,1,18,30
0.15417823,1,1,18,31
0,1,1,18,32
0,1,1,18,33
0,1,1,18,34
0,1,1,18,35
0,1,1,18,36
0,1,1,18,37
0,1,1,18,38
0,1,1,18,39
0,1,1,18,40
0,1,1,18,41
0,1,1,18,42
0,1,1,18,43
0,1,1,18,44
0,1,1,18,45
0.154762826,1,1,18,46
0,1,1,18,47
0,1,1,18,48
0.326984386,1,1,18,49
0,1,1,18,50
0,1,1,18,51
0.093716321,1,1,18,52
0,1,1,18,53
0,1,1,18,54
0,1,1,18,55
0,1,1,18,56
0,1,1,18,57
0.110656191,1,1,18,58
0,1,1,18,59
0,1,1,18,60
0,1,1,18,61
0,1,1,18,62
0,1,1,18,63
0.116495806,1,1,18,64
0,1,1,18,65
0,1,1,18,66
0,1,1,18,67
0,1,1,18,68
0,1,1,18,69
0,1,1,18,70
0,1,1,18,71
0,1,1,18,72
0,1,1,18,73
0,1,1,18,74
0,1,1,18,75
0,1,1,18,76
0,1,1,18,77
0,1,1,18,78
0,1,1,18,79
0,1,1,18,80
0,1,1,18,81
0.11193821,1,1,18,82
0,1,1,18,83
0,1,1,18,84
0,1,1,18,85
0.12926577,1,1,18,86
0,1,1,18,87
0.189609405,1,1,18,88
0.074496219,1,1,18,89
0,1,1,18,90
0,1,1,18,91
0,1,1,18,92
0,1,1,18,93
0,1,1,18,94
0,1,7,19,1
0,1,7,19,2
0,1,7,19,3
0,1,7,19,4
0,1,7,19,5
0,1,7,19,6
0,1,7,19,7
0,1,7,19,8
0,1,7,19,9
0,1,7,19,10
0,1,7,19,11
0,1,7,19,12
0,1,7,19,13
0,1,7,19,14
0,1,7,19,15
0,1,7,20,1
0,1,7,20,2
0,1,7,20,3
0,1,7,20,4
0,1,7,20,5
0,1,7,20,6
0,1,7,20,7
0,1,7,20,8
0,1,7,20,9
0,1,7,20,10
0,1,7,20,11
0,1,7,20,12
0,1,7,20,13
0,1,7,20,14
0,1,7,20,15
0,1,7,20,16
0,1,7,20,17
0,1,7,20,18
0,1,7,20,19
0,1,7,20,20
0,1,7,20,21
0,1,7,20,22
0,1,7,20,23
0,1,7,20,24
0,1,7,20,25
0,1,7,20,26
0,1,7,20,27
0,1,7,20,28
0,1,7,20,29
0,1,7,20,30
0,1,7,20,31
0,1,7,20,32
0,1,7,20,33
0,1,7,20,34
0,1,7,20,35
0,1,7,20,36
0,1,7,20,37
0,1,7,20,38
0,1,7,20,39
0,1,7,20,40
0,1,7,20,41
0,1,7,20,42
0,1,7,20,43
0.196232339,1,7,20,44
0,1,7,20,45
0,1,7,20,46
0,1,7,20,47
0,1,7,20,48
0,1,7,20,49
0,1,7,20,50
0,1,7,20,51
0,1,7,20,52
0,1,7,20,53
0,1,7,20,54
0,1,7,20,55
0,1,7,20,56
0,1,7,20,57
0,1,7,20,58
0,1,7,20,59
0,1,7,20,60
0,1,7,20,61
0,1,7,20,62
0,1,7,20,63
0,1,7,20,64
0,1,7,20,65
0,1,7,20,66
0,1,7,20,67
0,1,7,20,68
0,1,7,20,69
0,1,7,20,70
0,1,7,20,71
0,1,7,20,72
0,1,7,20,73
0,1,7,20,74
0,1,7,20,75
0,1,7,20,76
0,1,7,20,77
0,1,7,20,78
0,1,7,20,79
0,1,7,20,80
0,1,7,20,81
0,1,7,20,82
0,1,7,20,83
0,1,7,20,84
0,1,7,20,85
0,1,7,20,86
0,1,7,20,87
0,1,7,20,88
0,1,7,20,89
0,1,7,20,90
0,1,7,20,91
0,1,7,20,92
0,1,7,20,93
0,1,7,20,94
0,1,7,20,95
0,1,7,20,96
0,1,7,20,97
0,1,7,20,98
0,1,7,20,99
0,1,7,20,100
0,1,7,20,101
0,1,7,20,102
0,1,7,20,103
0,1,7,20,104
0,1,7,20,105
0,1,7,20,106
0,1,7,20,107
0,1,7,20,108
0,1,7,20,109
0,1,7,20,110
0,1,7,20,111
0,1,7,20,112
0,1,7,20,113
0,1,7,20,114
0,1,7,20,115
0,1,7,20,116
0,1,7,20,117
0,1,7,20,118
0,1,7,20,119
0,1,7,20,120
0,1,7,20,121
0,1,7,20,122
0,1,7,20,123
0,1,7,20,124
0,1,7,20,125
0,1,7,20,126
0,1,7,20,127
0,1,7,20,128
0,1,7,20,129
0,1,7,20,130
0,1,7,20,131
0,1,7,20,132
0,1,7,20,133
0,1,7,20,134
0,1,7,20,135
0,1,7,20,136
0,1,7,20,137
0,1,7,20,138
0,1,7,20,139
0,1,7,20,140
0,1,7,20,141
0,1,7,20,142
0,1,7,20,143
0,1,7,20,144
0,1,7,20,145
0,1,7,20,146
0,1,7,20,147
0,1,7,20,148
0,1,7,20,149
0,1,7,20,150
0,1,7,20,151
0,1,7,20,152
0,1,7,20,153
0,1,7,20,154
0,1,7,20,155
0,1,7,20,156
0,1,7,20,157
0,1,7,20,158
0,1,7,20,159
0,1,7,20,160
0,1,7,20,161
0,1,7,20,162
0,1,7,20,163
0,1,7,20,164
0,1,7,20,165
0,1,7,20,166
0,1,7,20,167
0,1,7,20,168
0,1,7,20,169
0,1,7,20,170
0,1,7,20,171
0,1,7,20,172
0,1,10,21,1
0,1,10,21,2
0,1,10,21,3
0,1,10,21,4
0,1,10,21,5
0,1,10,21,6
0,1,10,21,7
0,1,10,21,8
0,1,10,21,9
0,1,10,21,10
0,1,10,21,11
0,1,10,21,12
0,1,10,21,13
0,1,10,21,14
0,1,10,21,15
0,1,10,21,16
0,1,10,21,17
0,1,10,21,18
0,1,10,21,19
0,1,10,21,20
0,1,10,21,21
0,1,10,21,22
0,1,10,21,23
0,1,10,21,24
0.032190568,1,10,21,25
0,1,10,21,26
0,1,10,21,27
0,1,10,21,28
0,1,10,21,29
0,1,10,21,30
0,1,10,21,31
0,1,10,21,32
0,1,10,21,33
0,1,10,21,34
0,1,10,21,35
0,1,10,21,36
0,1,10,21,37
0,1,10,21,38
0,1,10,21,39
0,1,10,21,40
0,1,10,21,41
0,1,10,21,42
0,1,10,21,43
0,1,10,21,44
0,1,10,21,45
0,1,10,21,46
0,1,10,21,47
0,1,10,21,48
0,1,10,21,49
0,1,10,21,50
0,1,10,21,51
0,1,10,21,52
0,1,10,21,53
0,1,10,21,54
0,1,10,21,55
0,1,10,21,56
0,1,10,21,57
0,1,10,21,58
0,1,10,21,59
0,1,10,21,60
0,1,10,21,61
0,1,10,21,62
0,1,10,21,63
0,1,10,21,64
0,1,10,21,65
0,1,10,21,66
0,1,10,21,67
0,1,10,21,68
0,1,10,21,69
0,1,10,21,70
0,1,10,21,71
0,1,10,21,72
0,1,10,21,73
0,1,10,21,74
0,1,10,21,75
0,1,10,21,76
0,1,10,21,77
0,1,10,21,78
0,1,10,21,79
0,1,10,21,80
0,1,10,21,81
0,1,10,21,82
0,1,10,21,83
0,1,10,21,84
0,1,10,21,85
0,1,10,21,86
0,1,10,21,87
0,1,10,21,88
0,1,10,21,89
0,1,10,21,90
0,1,10,21,91
0,1,10,21,92
0,1,10,21,93
0,1,10,21,94
0,1,10,21,95
0,1,10,21,96
0,1,10,21,97
0,1,10,21,98
0,1,10,21,99
0,1,10,21,100
0,1,10,21,101
0,1,10,21,102
0,1,10,21,103
0,1,10,21,104
0,1,10,21,105
0,1,10,21,106
0,1,10,21,107
0,1,10,21,108
0,1,10,21,109
0,1,10,21,110
0,1,10,21,111
0,1,10,21,112
0,1,10,21,113
0,1,10,21,114
0,1,10,21,115
0,1,10,21,116
0,1,10,21,117
0,1,10,21,118
0,1,10,21,119
0,1,10,21,120
0,1,10,21,121
0,1,10,21,122
0,1,10,21,123
0,1,10,21,124
0,1,10,21,125
0,1,10,21,126
0,1,10,21,127
0,1,10,21,128
0,1,10,21,129
0,1,10,21,130
0,1,10,21,131
0,1,10,21,132
0,1,10,21,133
0,1,10,21,134
0,1,10,21,135
0,1,10,21,136
0,1,10,21,137
0,1,10,21,138
0,1,10,21,139
0,1,10,21,140
0,1,10,21,141
0,1,10,21,142
0,1,10,21,143
0,1,10,21,144
0,1,10,22,1
0.169190424,1,10,22,2
0,1,10,22,3
0,1,10,22,4
0,1,10,22,5
0,1,10,22,6
0,1,10,22,7
0,1,10,22,8
0,1,10,22,9
0,1,10,22,10
0,1,10,22,11
0.174871033,1,10,22,12
0,1,10,22,13
0,1,10,22,14
0,1,10,22,15
0,1,10,22,16
0,1,10,22,17
0,1,10,22,18
0,1,10,22,19
0,1,10,22,20
0,1,10,22,21
0,1,10,22,22
0,1,10,22,23
0,1,10,22,24
0,1,10,22,25
0,1,10,22,26
0.146327188,1,10,22,27
0.080593166,1,10,22,28
0,1,10,22,29
0,1,10,22,30
0,1,10,22,31
0,1,10,22,32
0.170386778,1,10,22,33
0,1,10,22,34
0,1,10,22,35
0,1,10,22,36
0,1,10,22,37
0.115008626,1,10,22,38
0,1,10,22,39
0,1,10,22,40
0,1,10,22,41
0,1,10,22,42
0,1,10,22,43
0.114619749,1,10,22,44
0.109511033,1,10,22,45
0,1,10,22,46
0,1,10,22,47
0,1,10,22,48
0.187073239,1,10,22,49
0,1,10,22,50
0.139382535,1,10,22,51
0,1,10,22,52
0.160462131,1,10,22,53
0,1,10,22,54
0,1,10,22,55
0,1,10,22,56
0,1,10,22,57
0,1,10,22,58
0.184586987,1,10,22,59
0.132109122,1,10,22,60
0,1,10,22,61
0,1,10,22,62
0,1,10,22,63
0.146070698,1,10,22,64
0,1,10,22,65
0,1,10,22,66
0,1,10,22,67
0,1,10,22,68
0,1,10,22,69
0,1,10,22,70
0,1,10,22,71
0,1,10,22,72
0,1,10,22,73
0,1,10,22,74
0,1,10,22,75
0,1,10,22,76
0,1,10,22,77
0,1,10,22,78
0,1,10,22,79
0,1,10,22,80
0,1,10,22,81
0,1,10,22,82
0,1,10,22,83
0,1,10,22,84
0,1,10,22,85
0,1,10,22,86
0,1,10,22,87
0,1,10,22,88
0,1,10,22,89
0.036871797,1,10,22,90
0.136836344,1,10,22,91
0,1,10,22,92
0,1,10,22,93
0,1,10,22,94
0,1,10,22,95
0,1,10,22,96
0,1,10,22,97
0,1,10,22,98
0,1,10,22,99
0,1,10,22,100
0,1,10,22,101
0,1,10,22,102
0,1,10,22,103
0,1,10,22,104
0,1,10,22,105
0,1,10,22,106
0,1,10,22,107
0,1,10,22,108
0,1,10,22,109
0,1,10,22,110
0,1,10,22,111
0,1,10,22,112
0,1,10,22,113
0,1,10,22,114
0,1,10,22,115
0,1,10,22,116
0,1,10,22,117
0,1,10,22,118
0,1,10,22,119
0,1,10,22,120
0,1,10,22,121
0,1,10,22,122
0,1,10,22,123
0,1,10,22,124
0,1,10,22,125
0,1,10,22,126
0,1,10,22,127
0,1,10,22,128
0,1,10,22,129
0,1,10,22,130
0,1,10,22,131
0,1,10,22,132
0,1,10,22,133
0,1,10,22,134
0,1,10,22,135
0,1,10,22,136
0,1,10,22,137
0,1,10,22,138
0,1,10,22,139
0,1,10,22,140
0,1,10,22,141
0,1,10,22,142
0,1,10,22,143
0,1,10,22,144
0.035793543,1,10,22,145
0,1,10,22,146
0,1,10,22,147
0,1,10,22,148
0,1,10,22,149
0,1,10,22,150
0,1,10,22,151
0,1,10,22,152
0,1,10,22,153
0,1,10,22,154
0,1,10,22,155
0,1,10,22,156
0,1,10,22,157
0,1,10,22,158
0,1,10,22,159
0,1,10,22,160
0,1,10,22,161
0,1,10,22,162
0,1,10,22,163
0,1,10,22,164
0,1,10,22,165
0,1,10,22,166
0,1,10,22,167
0.071192112,1,10,22,168
0,1,10,22,169
0,1,10,22,170
0,1,10,22,171
0,1,10,22,172
0,1,10,22,173
0,1,10,22,174
0,1,10,22,175
0,1,10,22,176
0,1,10,22,177
0,1,10,22,178
0,1,10,22,179
0.137372072,1,10,22,180
0,1,10,22,181
0,1,10,22,182
0,1,10,22,183
0,1,10,22,184
0,1,10,22,185
0,1,10,22,186
0,1,10,22,187
0,1,10,22,188
0,1,10,22,189
0,1,10,22,190
0,1,10,22,191
0,1,10,22,192
0,1,10,22,193
0.048096578,1,10,22,194
0,1,10,22,195
0,1,10,22,196
0.061652281,1,10,22,197
0,1,10,22,198
0,1,10,22,199
0,1,10,22,200
0,1,10,22,201
0,1,10,22,202
0,1,10,22,203
0,1,10,22,204
0.019702881,1,10,22,205
0,1,10,22,206
0,1,10,22,207
0,1,10,22,208
0,1,10,22,209
0,1,10,22,210
0,1,10,22,211
0,1,10,22,212
0,1,10,22,213
0,1,10,22,214
0,1,10,22,215
0,1,10,22,216
0,1,10,22,217
0,1,10,22,218
0,1,10,22,219
0.137561043,1,10,22,220
0.089988751,1,10,22,221
0,1,10,22,222
0,1,10,22,223
0,1,10,22,224
0.043639537,1,10,22,225
0,1,10,22,226
0,1,10,22,227
0,1,10,22,228
0,1,10,22,229
0,1,10,22,230
0,1,10,22,231
0,1,10,22,232
0,1,10,22,233
0.054427693,1,10,22,234
0,1,10,22,235
0,1,10,22,236
0,1,10,22,237
0,1,10,22,238
0,1,10,22,239
0,1,10,22,240
0,1,10,22,241
0,1,10,22,242
0,1,10,22,243
0,1,10,22,244
0,1,10,22,245
0,1,10,22,246
0,1,10,22,247
0,1,10,22,248
0,1,10,22,249
0.033725107,1,10,22,250
0,1,10,22,251
0,1,10,22,252
0,1,10,22,253
0,1,10,22,254
0,1,10,22,255
0,1,10,22,256
0,1,10,22,257
0,1,10,22,258
0,1,10,22,259
0,1,10,22,260
0,1,10,22,261
0,1,10,22,262
0,1,10,22,263
0.019705016,1,10,22,264
0,1,10,22,265
0,1,10,22,266
0,1,10,22,267
0.037137446,1,10,22,268
0,1,10,22,269
0.025854491,1,10,22,270
0.026441736,1,10,22,271
0,1,10,22,272
0,1,10,22,273
0,1,10,22,274
0,1,10,22,275
0,1,10,22,276
0.023503972,1,10,22,277
0,1,10,22,278
0,1,10,22,279
0.08154279,1,10,22,280
0,1,10,22,281
0,1,10,22,282
0,1,10,22,283
0,1,10,22,284
0,1,10,22,285
0,1,10,22,286
0.040933279,1,10,22,287
0,1,10,22,288
0,1,10,22,289
0,1,10,22,290
0,1,10,22,291
0,1,10,22,292
0,1,10,22,293
0,1,10,22,294
0,1,10,22,295
0,1,10,22,296
0.016318005,1,10,22,297
0,1,10,22,298
0,1,10,22,299
0,1,10,22,300
0,1,10,22,301
0,1,10,22,302
0,1,10,22,303
0,1,10,22,304
0,1,10,22,305
0,1,10,22,306
0,1,10,22,307
0.043338823,1,10,22,308
0,1,10,22,309
0,1,10,22,310
0,1,10,22,311
0,1,10,22,312
0.020480052,1,10,22,313
0,1,10,22,314
0,1,10,22,315
0,1,10,22,316
0,1,10,22,317
0,1,10,22,318
0,1,10,22,319
0,1,10,22,320
0,1,10,22,321
0,1,10,22,322
0,1,10,22,323
0,1,10,22,324
0,1,10,22,325
0,1,10,22,326
0.024686482,1,10,22,327
0,1,10,22,328
0,1,10,22,329
0,1,10,22,330
0,1,10,22,331
0,1,10,22,332
0,1,10,22,333
0,1,10,22,334
0,1,10,22,335
0,1,10,22,336
0,1,10,22,337
0,1,10,22,338
0,1,10,22,339
0,1,10,22,340
0,1,10,22,341
0,1,10,22,342
0,1,10,22,343
0,1,10,22,344
0,1,10,22,345
0.030404378,1,10,22,346
0,1,10,22,347
0,1,10,22,348
0,1,10,22,349
0,1,10,22,350
0.017431928,1,10,22,351
0,1,10,22,352
0,1,10,22,353
0,1,10,22,354
0,1,10,22,355
0,1,10,22,356
0,1,10,22,357
0,1,10,22,358
0,1,10,22,359
0,1,10,22,360
0,1,10,22,361
0,1,10,22,362
0,1,10,22,363
0,1,10,22,364
0,1,10,22,365
0,1,10,22,366
0,1,10,22,367
0,1,10,22,368
0,1,10,22,369
0,1,10,23,1
0,1,10,23,2
0,1,10,23,3
0,1,10,23,4
0,1,10,24,1
0,1,10,24,2
0,1,11,25,1
0.084713457,1,11,25,2
0,1,11,25,3
0.084878835,1,11,25,4
0,1,11,25,5
0,1,11,25,6
0,1,11,25,7
0,1,11,25,8
0,1,11,25,9
0,1,11,25,10
0.077507363,1,11,25,11
0,1,11,25,12
0,1,11,25,13
0,1,11,25,14
0,1,11,25,15
0,1,11,26,1
0,1,11,26,2
0.166976268,1,11,26,3
0.15474686,1,11,26,4
0.058126017,1,11,26,5
0.262212549,1,11,26,6
0.101082424,1,11,26,7
0.175862827,1,11,26,8
0.187942448,1,11,26,9
0.109969868,1,11,26,10
0.196753566,1,11,26,11
0.21775818,1,11,26,12
0.180566313,1,11,26,13
0.495852784,1,11,26,14
0.348689172,1,11,26,15
0.472014508,1,11,26,16
0.339500934,1,11,26,17
0.249884168,1,11,26,18
0,1,11,26,19
0.109413181,1,11,26,20
0,1,11,26,21
0,1,11,26,22
0,1,11,26,23
0,1,11,26,24
0.054152846,1,11,26,25
0.074628722,1,11,26,26
0.306164958,1,11,26,27
0,1,11,26,28
0,1,11,26,29
0,1,11,26,30
0.031450744,1,11,26,31
0,1,11,26,32
0.109463084,1,11,26,33
0,1,11,26,34
0.060088932,1,11,26,35
0,1,11,26,36
0,1,11,26,37
0,1,11,26,38
0,1,11,26,39
0,1,11,26,40
0,1,11,26,41
0,1,11,26,42
0,1,11,26,43
0,1,11,26,44
0,1,11,26,45
0,1,11,26,46
0.052166202,1,11,26,47
0,1,11,26,48
0,1,11,26,49
0,1,11,26,50
0.034891227,1,11,26,51
0.027362776,1,11,26,52
0.01618542,1,11,26,53
0.021746222,1,11,26,54
0,1,11,26,55
0.02461796,1,11,26,56
0,1,11,26,57
0,1,11,26,58
0,1,11,26,59
0,1,11,26,60
0.027120851,1,11,26,61
0.02374169,1,11,26,62
0,1,11,26,63
0.060709082,1,11,26,64
0.071910448,1,11,26,65
0,1,11,26,66
0,1,11,26,67
0.024244481,1,11,26,68
0.060107894,1,11,26,69
0.027520727,1,11,26,70
0,1,11,26,71
0,1,11,26,72
0,1,11,26,73
0,1,11,26,74
0,1,11,26,75
0,1,11,26,76
0,1,11,26,77
0,1,11,26,78
0,1,11,26,79
0,1,11,26,80
0,1,11,26,81
0.034090715,1,11,26,82
0.021195512,1,11,26,83
0.041654517,1,11,26,84
0.010445119,1,11,26,85
0.018468414,1,11,26,86
0.027330992,1,11,26,87
0.02444786,1,11,26,88
0,1,11,27,1
0,1,11,27,2
0,1,11,27,3
0,1,11,27,4
0,1,11,27,5
0,1,11,27,6
0,1,11,27,7
0,1,11,27,8
0,1,11,27,9
0,1,11,27,10
0,1,13,28,1
0.172057811,1,13,28,2
0,1,13,28,3
0,1,13,28,4
0,1,13,28,5
0,1,13,28,6
0,1,13,28,7
0,1,13,28,8
0,1,13,28,9
0,1,13,28,10
0,1,13,28,11
0,1,13,28,12
0,1,13,28,13
0,1,13,28,14
0,1,13,28,15
0,1,13,29,1
0.190240654,1,13,29,2
0,1,13,29,3
0.120098481,1,13,29,4
0,1,13,29,5
0,1,13,29,6
0.121065375,1,13,29,7
0.12297854,1,13,29,8
0,1,13,29,9
0,1,13,29,10
0.167546285,1,13,29,11
0.112410072,1,13,29,12
0.059991601,1,13,29,13
0,1,13,29,14
0.084875233,1,13,29,15
0.043473535,1,13,29,16
0.234178327,1,13,29,17
0,1,13,29,18
0,1,13,29,19
0.309741366,1,13,29,20
0,1,13,29,21
0,1,13,29,22
0,1,13,29,23
0,1,13,29,24
0,1,13,29,25
0,1,13,29,26
0,1,13,29,27
0.193592101,1,13,29,28
0.104904275,1,13,29,29
0,1,13,29,30
0,1,13,29,31
0.06989097,1,13,29,32
0,1,13,29,33
0,1,13,29,34
0,1,13,29,35
0,1,13,29,36
0,1,13,29,37
0,1,13,29,38
0,1,13,29,39
0,1,13,29,40
0,1,13,29,41
0,1,13,29,42
0,1,13,29,43
0,1,13,29,44
0,1,13,29,45
0,1,13,29,46